directory,stage,input,selection,options,slippageBps,seed,candidate,count,targetHits,targetFrequencyPct,medianPct,p10Pct,worstPct,lossFrequencyPct,worstDrawdownPct,unclosed,nonoverlapping_count,nonoverlapping_targetHits,nonoverlapping_targetFrequencyPct,nonoverlapping_medianPct,nonoverlapping_p10Pct,nonoverlapping_worstPct,nonoverlapping_lossFrequencyPct,nonoverlapping_worstDrawdownPct,nonoverlapping_unclosed
entry/monthly-development,development,expanded/stock-200-verified-input.json.gz,expanded-recovery.json,history-reset-options.json,5,204,recovery-60-3-monthly,46,7,15.217391304347828,-0.7314558725000087,-7.875079143750002,-11.587973680000008,60.86956521739131,-11.920155872609806,1,14,3,21.428571428571427,-2.4924736249999913,-5.981398035250014,-7.851586189999993,71.42857142857143,-8.120446777774537,0
entry/monthly-validation,validation,expanded/stock-200-verified-input.json.gz,expanded-recovery.json,history-reset-options.json,5,204,recovery-60-3-monthly,45,12,26.666666666666668,0.9750333599999772,-4.7326918510000064,-7.314874161499995,33.33333333333333,-10.260183368194253,1,13,3,23.076923076923077,-0.38248385499999316,-4.775801223000005,-7.314874161499995,53.84615384615385,-8.940513054457867,0
entry/monthly-confirmation,confirmation,expanded/stock-200-verified-input.json.gz,expanded-recovery.json,history-reset-options.json,5,204,recovery-60-3-monthly,29,15,51.724137931034484,10.370836254999993,-1.3441294380000124,-2.0096234450000083,20.689655172413794,-9.370341384491143,0,9,4,44.44444444444444,3.692213164999991,-1.1920879039999943,-1.509679350000026,22.22222222222222,-9.370341384491143,0
entry/daily-validation,validation,expanded/stock-200-verified-input.json.gz,entry-candidates.json,entry-validation-options.json,5,204,recovery-60-3-monthly,37,19,51.35135135135135,10.07842082250001,-7.277620016400001,-10.663147119999994,37.83783783783784,-12.980989230634332,0,3,0,0,-7.560504103499999,-10.042618516699996,-10.663147119999994,100,-12.980989230634332,0
entry/daily-validation,validation,expanded/stock-200-verified-input.json.gz,entry-candidates.json,entry-validation-options.json,5,204,recovery-40-3-monthly,37,5,13.513513513513514,0.17497637250001308,-5.878046699200004,-8.775049229999986,45.94594594594595,-11.073909197997567,1,3,0,0,-3.7645165749999987,-6.666721263000001,-7.392272435000002,100,-10.295145516802906,0
entry/daily-validation,validation,expanded/stock-200-verified-input.json.gz,entry-candidates.json,entry-validation-options.json,5,204,recovery-80-3-monthly,37,20,54.054054054054056,10.373850210000013,-3.7409061909999974,-9.574763247000007,27.027027027027028,-10.695174465319713,1,3,0,0,-2.1088401525000022,-8.081578628100006,-9.574763247000007,100,-10.695174465319713,0
entry/daily-validation,validation,expanded/stock-200-verified-input.json.gz,entry-candidates.json,entry-validation-options.json,5,204,momentum-20-5-monthly,37,17,45.94594594594595,9.88708142750001,-11.178876793999995,-14.05504273,48.64864864864865,-16.772257267852297,0,3,2,66.66666666666666,11.684146132499995,-3.1209167039000008,-6.822182413,33.33333333333333,-11.19161782712853,0
entry/daily-confirmation,confirmation,expanded/stock-200-verified-input.json.gz,entry-candidates.json,entry-confirmation-options.json,5,204,recovery-60-3-monthly,71,39,54.929577464788736,10.72691507000001,-4.709063206499975,-10.029108720000002,21.12676056338028,-10.75510880460705,2,5,2,40,6.536748817499993,-4.136399579999986,-8.91413729999998,20,-10.75510880460705,0
entry/daily-confirmation,confirmation,expanded/stock-200-verified-input.json.gz,entry-candidates.json,entry-confirmation-options.json,5,204,recovery-40-3-monthly,71,42,59.154929577464785,11.644817512499994,-5.497989962000016,-8.91190191500002,19.718309859154928,-10.387090808695575,3,5,3,60,11.25603503499999,-4.8053152010000115,-8.122159995000022,20,-10.387090808695575,0
entry/daily-confirmation,confirmation,expanded/stock-200-verified-input.json.gz,entry-candidates.json,entry-confirmation-options.json,5,204,recovery-80-3-monthly,71,26,36.61971830985916,4.746154772499955,-3.2460144224999987,-7.047203783000022,29.577464788732392,-10.818573784811337,3,5,2,40,6.5674390774999925,1.1256537854999937,0.17303449249999048,0,-8.103122309718703,0
entry/daily-confirmation,confirmation,expanded/stock-200-verified-input.json.gz,entry-candidates.json,entry-confirmation-options.json,5,204,momentum-20-5-monthly,71,38,53.52112676056338,10.463444970000001,-11.157431494999992,-14.99564404499999,39.436619718309856,-22.114609391012287,0,5,4,80,12.16251863500002,4.124913242000009,-0.46874995999999225,20,-11.41357123239013,0
entry/cost10-validation,validation,expanded/stock-200-verified-input.json.gz,expanded-recovery.json,entry-30-validation-options.json,10,204,recovery-60-3-monthly,19,11,57.89473684210527,10.725466524999995,-4.2083328479999915,-7.560504103499999,31.57894736842105,-8.947500413243448,0,3,0,0,-0.9416996199999916,-6.236743206799997,-7.560504103499999,100,-7.875479628500004,0
entry/cost10-confirmation,confirmation,expanded/stock-200-verified-input.json.gz,expanded-recovery.json,entry-30-confirmation-options.json,10,204,recovery-60-3-monthly,58,36,62.06896551724138,11.303795426249996,-0.7615224542499797,-8.05831116600001,12.068965517241379,-8.89256594572373,2,4,0,0,0.5223042137499969,-6.229903687950003,-8.05831116600001,50,-8.650334553006422,1
entry/cost20-validation,validation,expanded/stock-200-verified-input.json.gz,expanded-recovery.json,entry-30-validation-options.json,20,204,recovery-60-3-monthly,19,11,57.89473684210527,10.550824487500021,-4.390777537999981,-7.780933260500012,31.57894736842105,-9.012935980263581,0,3,0,0,-1.217381619999991,-6.468222932400008,-7.780933260500012,100,-8.095908785500017,0
entry/cost20-confirmation,confirmation,expanded/stock-200-verified-input.json.gz,expanded-recovery.json,entry-30-confirmation-options.json,20,204,recovery-60-3-monthly,58,36,62.06896551724138,11.322941528749986,-0.9095381742499971,-8.200184672499999,12.068965517241379,-9.250340381750522,2,4,0,0,0.2591667875000203,-6.418350362499992,-8.200184672499999,50,-8.800046955696494,1
entry/seed205-validation,validation,expanded/stock-200-verified-input.json.gz,expanded-recovery.json,entry-30-validation-options.json,5,205,recovery-60-3-monthly,19,11,57.89473684210527,10.762013714999984,-4.189856593999988,-7.560504103499999,31.57894736842105,-8.939597709206748,0,3,0,0,-0.903143620000002,-6.229032006799999,-7.560504103499999,100,-7.875479628500004,0
entry/seed205-confirmation,confirmation,expanded/stock-200-verified-input.json.gz,expanded-recovery.json,entry-30-confirmation-options.json,5,205,recovery-60-3-monthly,58,36,62.06896551724138,11.324827883750011,-0.7272900242499878,-8.035123369000019,12.068965517241379,-8.861861673760618,2,4,0,0,0.5511782137500032,-6.202941530050013,-8.035123369000019,50,-8.634477562624088,1
entry/seed206-validation,validation,expanded/stock-200-verified-input.json.gz,expanded-recovery.json,entry-30-validation-options.json,5,206,recovery-60-3-monthly,19,11,57.89473684210527,10.762013715000007,-4.189856593999983,-7.56050410350001,31.57894736842105,-8.939597709206748,0,3,0,0,-0.9031436199999909,-6.229032006800006,-7.56050410350001,100,-7.875479628500015,0
entry/seed206-confirmation,confirmation,expanded/stock-200-verified-input.json.gz,expanded-recovery.json,entry-30-confirmation-options.json,5,206,recovery-60-3-monthly,58,36,62.06896551724138,11.324827883750011,-0.14098587749997127,-8.035123368999987,10.344827586206897,-8.861861673760597,2,4,0,0,0.5511782137500085,-6.202941530049987,-8.035123368999987,50,-8.634477562624078,1
entry/confirm5-validation,validation,expanded/stock-200-verified-input.json.gz,expanded-recovery.json,entry-confirm5-validation-options.json,5,204,recovery-60-3-monthly,19,12,63.1578947368421,11.143120314999976,0,-5.972134470000001,5.263157894736842,-7.192975442398808,0,3,1,33.33333333333333,0,0,0,0,-2.3262985911228995,0
entry/confirm5-confirmation,confirmation,expanded/stock-200-verified-input.json.gz,expanded-recovery.json,entry-confirm5-confirmation-options.json,5,204,recovery-60-3-monthly,58,37,63.793103448275865,11.795472108249992,-1.4226727284999916,-8.035123368999987,12.068965517241379,-9.838368594911561,2,4,0,0,-1.3090267425000024,-6.410002403799991,-8.035123368999987,50,-8.035123368999987,1
entry/confirm3-validation,validation,expanded/stock-200-verified-input.json.gz,expanded-recovery.json,entry-confirm3-validation-options.json,5,204,recovery-60-3-monthly,19,11,57.89473684210527,11.645968920000026,0,-5.972134470000001,5.263157894736842,-7.168344444047237,0,3,0,0,0,0,0,0,-4.75779323447072,0
entry/confirm3-confirmation,confirmation,expanded/stock-200-verified-input.json.gz,expanded-recovery.json,entry-confirm3-confirmation-options.json,5,204,recovery-60-3-monthly,58,38,65.51724137931035,11.990536164999988,-1.24862865274999,-8.035123368999987,13.793103448275861,-8.861861673760618,2,4,0,0,-1.2381840662499977,-6.367496798049989,-8.035123368999987,50,-8.035123368999987,1
entry/confirm10-validation,validation,expanded/stock-200-verified-input.json.gz,expanded-recovery.json,entry-confirm10-validation-options.json,5,204,recovery-60-3-monthly,19,0,0,0,0,0,0,0,0,3,0,0,0,0,0,0,0,0
entry/confirm10-confirmation,confirmation,expanded/stock-200-verified-input.json.gz,expanded-recovery.json,entry-confirm10-confirmation-options.json,5,204,recovery-60-3-monthly,58,29,50,9.808770972249992,-6.394297873999999,-8.035123368999987,18.96551724137931,-8.809465713999987,2,4,0,0,0,-5.62458635829999,-8.035123368999987,25,-8.035123368999987,1
