directory,slippageBps,seed,candidate,stage,uncertainActionAccounts,count,targetHits,targetFrequencyPct,medianPct,p10Pct,worstPct,lossFrequencyPct,worstDrawdownPct,unclosed,nonoverlapping_count,nonoverlapping_targetHits,nonoverlapping_targetFrequencyPct,nonoverlapping_medianPct,nonoverlapping_p10Pct,nonoverlapping_worstPct,nonoverlapping_lossFrequencyPct,nonoverlapping_worstDrawdownPct,nonoverlapping_unclosed,majorityData_count,majorityData_targetHits,majorityData_targetFrequencyPct,majorityData_medianPct,majorityData_p10Pct,majorityData_worstPct,majorityData_lossFrequencyPct,majorityData_worstDrawdownPct,majorityData_unclosed
value/development,5,204,lowper-3-5,development,2,46,6,13.043478260869565,0,-9.721106351250008,-12.589510712500008,45.65217391304348,-12.589510712500008,1,14,2,14.285714285714285,-2.306322923749998,-9.898501009750003,-12.589510712500008,50,-12.589510712500008,1,29,5,17.24137931034483,-4.612645847499996,-9.271269814500007,-12.589510712500008,65.51724137931035,-12.589510712500008,1
value/development,5,204,lowper-3-20,development,1,46,5,10.869565217391305,0,-8.109998782500005,-13.235726879999998,36.95652173913043,-13.44409917104057,1,14,2,14.285714285714285,0,-10.614745143499995,-12.544334835000004,35.714285714285715,-12.544334835000004,1,29,4,13.793103448275861,-1.1422362849999979,-8.4913052775,-12.544334835000004,51.724137931034484,-12.544334835000004,1
value/development,5,204,lowper-5-5,development,2,46,5,10.869565217391305,0,-9.5220714075,-11.551909184999998,41.30434782608695,-12.386740671545516,1,14,1,7.142857142857142,-0.3169583512499907,-9.765340180750007,-10.69357406999999,50,-10.935024050821717,1,29,5,17.24137931034483,-0.814438875000012,-9.612912431999996,-10.69357406999999,58.620689655172406,-12.386740671545516,1
value/development,5,204,lowper-5-20,development,1,46,4,8.695652173913043,0,-9.486139533749999,-11.709085099999994,41.30434782608695,-12.004326354061002,1,14,1,7.142857142857142,-0.40433783375000143,-10.489412268250012,-11.47039165249999,50,-11.47039165249999,1,29,4,13.793103448275861,-2.376567935000007,-9.509069167999986,-11.47039165249999,58.620689655172406,-12.004326354061002,1
value/development,5,204,lowper-8-5,development,2,46,4,8.695652173913043,0,-8.358293687499994,-10.879523834999993,36.95652173913043,-11.724765900409784,1,14,1,7.142857142857142,0,-9.451560443749997,-10.630763629999995,35.714285714285715,-10.938983109999988,1,29,3,10.344827586206897,-0.5489859249999784,-8.465352210999988,-10.630763629999995,51.724137931034484,-11.724765900409784,1
value/development,5,204,lowper-8-20,development,1,46,3,6.521739130434782,0,-9.015503662499992,-11.311514864999994,32.608695652173914,-11.311514864999994,1,14,0,0,0,-9.06881648549999,-10.030620490000008,28.57142857142857,-10.123817049999994,1,29,3,10.344827586206897,0.7744082175000111,-9.585987368999996,-10.030620490000008,44.827586206896555,-11.262784251731684,1
value/validation,5,204,lowper-3-20,validation,0,45,7,15.555555555555555,-4.239090020000013,-10.807845711999994,-13.73628953999999,68.88888888888889,-13.73628953999999,0,13,1,7.6923076923076925,-4.3597825550000024,-11.453479734999998,-13.73628953999999,76.92307692307693,-13.73628953999999,0,45,7,15.555555555555555,-4.239090020000013,-10.807845711999994,-13.73628953999999,68.88888888888889,-13.73628953999999,0
value/validation,5,204,lowper-5-5,validation,0,45,8,17.77777777777778,-3.8623432699999793,-11.00154357799999,-12.545067920000019,62.22222222222222,-13.531832269717325,0,13,3,23.076923076923077,-3.8623432699999793,-10.326185760400003,-11.169328694999992,69.23076923076923,-12.933197471358104,0,45,8,17.77777777777778,-3.8623432699999793,-11.00154357799999,-12.545067920000019,62.22222222222222,-13.531832269717325,0
value/validation,5,204,lowper-5-20,validation,0,45,9,20,-2.156410000000031,-10.60530189300001,-17.81356821250001,53.333333333333336,-20.52478942062144,0,13,2,15.384615384615385,-2.1711214350000008,-10.487948097500011,-11.901654644999994,61.53846153846154,-12.399594025196858,0,45,9,20.0,-2.156410000000031,-10.60530189300001,-17.81356821250001,53.333333333333336,-20.52478942062144,0
value/validation,5,204,lowper-8-20,validation,2,45,9,20,-2.1830764550000104,-9.904991587799993,-18.032738590000008,64.44444444444444,-20.755528439374793,1,13,2,15.384615384615385,-4.320353832500013,-9.214517765000021,-10.387230867500008,76.92307692307693,-12.345747312384258,0,45,9,20.0,-2.1830764550000104,-9.904991587799993,-18.032738590000008,64.44444444444444,-20.755528439374793,1
value/confirmation,5,204,lowper-3-20,confirmation,0,29,9,31.03448275862069,2.1088225299999985,-10.025609055000002,-13.722149844999997,37.93103448275862,-16.60028937989846,0,9,3,33.33333333333333,2.6525657084999876,-11.081677590499996,-13.586108772499994,44.44444444444444,-16.583848065358097,0,29,9,31.03448275862069,2.1088225299999985,-10.025609055000002,-13.722149844999997,37.93103448275862,-16.60028937989846,0
value/confirmation,5,204,lowper-5-5,confirmation,0,29,11,37.93103448275862,4.2897268990000015,-9.235093066500003,-16.587250620499994,41.37931034482759,-16.795723061222134,0,9,3,33.33333333333333,4.138542261500011,-11.2729684461,-16.587250620499994,44.44444444444444,-16.795723061222134,0,29,11,37.93103448275862,4.2897268990000015,-9.235093066500003,-16.587250620499994,41.37931034482759,-16.795723061222134,0
value/confirmation,5,204,lowper-5-20,confirmation,0,29,12,41.37931034482759,9.190769754000016,-7.229589004799998,-13.56626407249999,31.03448275862069,-15.72142288656815,0,9,4,44.44444444444444,9.513335191999994,-7.992951366499991,-13.56626407249999,33.33333333333333,-15.72142288656815,0,29,12,41.37931034482759,9.190769754000016,-7.229589004799998,-13.56626407249999,31.03448275862069,-15.72142288656815,0
value/confirmation,5,204,lowper-8-20,confirmation,0,29,11,37.93103448275862,5.917436232499984,-6.047793711799995,-14.052000382500008,24.137931034482758,-15.042577880713138,0,9,3,33.33333333333333,5.883771293000017,-6.421455665800011,-10.293629068999987,22.22222222222222,-12.832296557879763,0,29,11,37.93103448275862,5.917436232499984,-6.047793711799995,-14.052000382500008,24.137931034482758,-15.042577880713138,0
expanded/development-verified,5,204,momentum-20-3-monthly,development,1,46,18,39.130434782608695,-0.5325445705000098,-11.199567124999998,-15.948864411999997,50,-17.348714906638108,0,14,8,57.14285714285714,11.369237642749997,-10.348388838,-11.002209512500006,35.714285714285715,-13.209856365109395,0,0,,,,,,,,
expanded/development-verified,5,204,momentum-20-5-monthly,development,2,46,12,26.08695652173913,-2.6623854887500134,-10.48295040524999,-13.762627243499992,58.69565217391305,-15.634823904635597,2,14,6,42.857142857142854,0.5678171912499808,-9.207714970249993,-9.340186769499992,50,-15.634823904635597,1,0,,,,,,,,
expanded/development-verified,5,204,momentum-60-3-monthly,development,0,46,18,39.130434782608695,-3.104917149499997,-12.831418082499995,-18.490885422500003,54.347826086956516,-24.983388192823487,0,14,7,50,1.6812733697500022,-12.076796961500007,-17.202176702500005,50,-17.202176702500005,0,0,,,,,,,,
expanded/development-verified,5,204,momentum-60-5-monthly,development,1,46,16,34.78260869565217,-4.697129382749998,-11.546885724000006,-15.340965159000008,60.86956521739131,-20.39787906149956,1,14,7,50,2.0377191712499787,-10.535656130749995,-11.140582075000005,50,-11.75039897495168,0,0,,,,,,,,
expanded/development-verified,5,204,momentum-120-3-monthly,development,0,46,15,32.608695652173914,-6.0990655312500035,-12.419508709750005,-16.98014442,60.86956521739131,-17.871216555000004,1,14,5,35.714285714285715,-7.101433586,-12.370703003000001,-16.6837167375,64.28571428571429,-16.6837167375,0,0,,,,,,,,
expanded/development-verified,5,204,momentum-120-5-monthly,development,0,46,17,36.95652173913043,-6.483843371999992,-11.479431740999996,-16.921634146999985,58.69565217391305,-16.921634146999985,0,14,4,28.57142857142857,-7.788763514750002,-10.940924317749992,-12.318237754999995,64.28571428571429,-13.52661830293127,0,0,,,,,,,,
expanded/development-verified,5,204,recovery-60-3-monthly,development,1,46,5,10.869565217391305,-1.9756175824999889,-7.879725377750008,-11.587973680000008,65.21739130434783,-12.348170808949543,1,14,2,14.285714285714285,-2.5683983387499945,-7.500053499499998,-7.860878658000003,78.57142857142857,-8.120446777774537,0,0,,,,,,,,
expanded/development-verified,5,204,recovery-40-3-monthly,development,0,46,7,15.217391304347828,-0.5212767924999917,-6.047645816249991,-10.369033145000007,52.17391304347826,-11.202497091957254,5,14,2,14.285714285714285,-1.8147762012500068,-6.613118359399998,-10.369033145000007,64.28571428571429,-11.202497091957254,1,0,,,,,,,,
expanded/development-verified,5,204,recovery-80-3-monthly,development,1,46,4,8.695652173913043,-1.1734393562500056,-7.766273502500004,-11.826942020000008,56.52173913043478,-13.301604615930184,0,14,2,14.285714285714285,-1.9458043195000052,-7.295455304900009,-10.906131045,71.42857142857143,-10.906131045,0,0,,,,,,,,
expanded/validation,5,204,momentum-20-5-monthly,validation,0,45,23,51.11111111111111,10.056405967500016,-11.131485208100003,-13.87219139,46.666666666666664,-16.35485985453099,0,13,7,53.84615384615385,11.009198910000006,-11.088906832999992,-13.87219139,46.15384615384615,-16.35485985453099,0,0,,,,,,,,
expanded/validation,5,204,momentum-60-5-monthly,validation,1,45,20,44.44444444444444,-3.1756219425000065,-11.104499970000013,-12.343168487500012,55.55555555555556,-13.817350787277382,0,13,6,46.15384615384615,-0.6913289799999944,-10.7389801956,-11.299012120000018,53.84615384615385,-11.686720665000006,0,0,,,,,,,,
expanded/validation,5,204,momentum-120-5-monthly,validation,1,45,19,42.22222222222222,-4.480774692500001,-11.411964048999998,-14.945248400000011,53.333333333333336,-17.195520468726134,1,13,5,38.46153846153847,-5.419580465000006,-9.548976187000005,-9.743698970000004,53.84615384615385,-13.731786781245992,1,0,,,,,,,,
expanded/validation,5,204,recovery-60-3-monthly,validation,1,45,10,22.22222222222222,2.2033612919999834,-4.581524271399995,-7.314874161499995,35.55555555555556,-10.260183368194253,1,13,2,15.384615384615385,-0.8131836637499834,-4.775801223000005,-7.314874161499995,61.53846153846154,-8.940513054457867,0,0,,,,,,,,
expanded/confirmation,5,204,momentum-20-5-monthly,confirmation,2,29,13,44.827586206896555,8.762004124249989,-8.838274087000006,-11.941033480000007,41.37931034482759,-14.30006862238603,0,9,4,44.44444444444444,-0.903604349999998,-9.366969440000005,-11.941033480000007,55.55555555555556,-13.67779483094883,0,0,,,,,,,,
expanded/confirmation,5,204,momentum-60-5-monthly,confirmation,0,29,13,44.827586206896555,-1.114671690000002,-8.719041310999998,-13.666157460000006,51.724137931034484,-14.680304720000015,0,9,4,44.44444444444444,-1.185317877500014,-10.416223322999993,-13.016828155000004,55.55555555555556,-13.581197285000002,0,0,,,,,,,,
expanded/confirmation,5,204,momentum-120-5-monthly,confirmation,0,29,13,44.827586206896555,-3.571862497499989,-11.391596178000011,-12.570366430000002,55.172413793103445,-21.157163231862043,0,9,3,33.33333333333333,-5.808986490000012,-10.887055076000014,-11.544220500000002,66.66666666666666,-13.055889835517132,0,0,,,,,,,,
expanded/confirmation,5,204,recovery-60-3-monthly,confirmation,0,29,16,55.172413793103445,11.009781525000006,-1.1920879039999943,-2.053807154999987,20.689655172413794,-9.370341384491143,0,9,5,55.55555555555556,10.370836254999993,-1.1920879039999943,-1.509679350000026,22.22222222222222,-9.370341384491143,0,0,,,,,,,,
expanded/cost20,20,204,recovery-60-3-monthly,confirmation,0,29,17,58.620689655172406,10.927279345000018,-1.5502557709999931,-3.3898773850000063,20.689655172413794,-9.508726758261965,0,9,5,55.55555555555556,10.203587694999982,-1.5502557709999931,-1.932722585000024,22.22222222222222,-9.508726758261965,0,0,,,,,,,,
expanded/seed205,5,205,recovery-60-3-monthly,confirmation,0,29,16,55.172413793103445,11.009781525000006,-1.1920879039999943,-2.053807154999987,20.689655172413794,-9.370341384491143,0,9,5,55.55555555555556,10.370836254999993,-1.1920879039999943,-1.509679350000026,22.22222222222222,-9.370341384491143,0,0,,,,,,,,
expanded/seed206,5,206,recovery-60-3-monthly,confirmation,0,29,16,55.172413793103445,11.009781525000006,-1.1920879039999943,-2.053807154999998,20.689655172413794,-9.370341384491143,0,9,5,55.55555555555556,10.370836254999993,-1.1920879039999943,-1.509679350000026,22.22222222222222,-9.370341384491143,0,0,,,,,,,,
