directory,candidate,condition,count,targetHits,targetFrequencyPct,medianPct,p10Pct,worstPct,lossFrequencyPct,worstDrawdownPct,unclosed,nonoverlapping_count,nonoverlapping_targetHits,nonoverlapping_targetFrequencyPct,nonoverlapping_medianPct,nonoverlapping_p10Pct,nonoverlapping_worstPct,nonoverlapping_lossFrequencyPct,nonoverlapping_worstDrawdownPct,nonoverlapping_unclosed
value/development,lowper-3-20,all,46,5,10.869565217391305,0.0,-8.109998782500005,-13.235726879999998,36.95652173913043,-13.44409917104057,1,14,2,14.285714285714285,0.0,-10.614745143499995,-12.544334835000004,35.714285714285715,-12.544334835000004,1
value/development,lowper-3-20,export_growth,12,2,16.666666666666664,4.263142720000001,-7.689440235000009,-13.235726879999998,25.0,-13.44409917104057,0,6,1,16.666666666666664,6.607757578749995,-10.492783865000005,-13.235726879999998,33.33333333333333,-13.44409917104057,0
value/development,lowper-3-20,recovery,10,1,10.0,-3.8749204250000058,-12.613474039500003,-13.235726879999998,50.0,-13.44409917104057,0,7,1,14.285714285714285,0.0,-10.376384780999997,-13.235726879999998,42.857142857142854,-13.44409917104057,0
value/development,lowper-3-20,export_recovery,2,0,0.0,-10.492783865000005,-12.687138276999999,-13.235726879999998,100.0,-13.44409917104057,0,2,0,0.0,-10.492783865000005,-12.687138276999999,-13.235726879999998,100.0,-13.44409917104057,0
value/development,lowper-3-5,all,46,6,13.043478260869565,0.0,-9.721106351250008,-12.589510712500008,45.65217391304348,-12.589510712500008,1,14,2,14.285714285714285,-2.306322923749998,-9.898501009750003,-12.589510712500008,50.0,-12.589510712500008,1
value/development,lowper-3-5,export_growth,12,3,25.0,0.5691733162500046,-8.546713162250006,-10.672791310000008,41.66666666666667,-11.587339099067373,0,6,2,33.33333333333333,-2.00287790625,-9.822085050000007,-10.672791310000008,50.0,-11.587339099067373,0
value/development,lowper-3-5,recovery,10,1,10.0,-7.003483008749988,-10.864463250250008,-12.589510712500008,60.0,-12.589510712500008,0,7,1,14.285714285714285,-5.4439084474999895,-9.651943798000007,-10.672791310000008,57.14285714285714,-11.587339099067373,0
value/development,lowper-3-5,export_recovery,2,0,0.0,-9.822085050000007,-10.502650058000008,-10.672791310000008,100.0,-11.587339099067373,0,2,0,0.0,-9.822085050000007,-10.502650058000008,-10.672791310000008,100.0,-11.587339099067373,0
value/development,lowper-5-20,all,46,4,8.695652173913043,0.0,-9.486139533749999,-11.709085099999994,41.30434782608695,-12.004326354061002,1,14,1,7.142857142857142,-0.40433783375000143,-10.489412268250012,-11.47039165249999,50.0,-11.47039165249999,1
value/development,lowper-5-20,export_growth,12,2,16.666666666666664,0.5750954312500167,-8.893226856999986,-11.709085099999994,41.66666666666667,-11.709085099999994,0,6,1,16.666666666666664,-1.0258854024999875,-10.603726521249989,-11.709085099999994,66.66666666666666,-11.709085099999994,0
value/development,lowper-5-20,recovery,10,1,10.0,-4.372682736250005,-11.49426099724999,-11.709085099999994,50.0,-11.709085099999994,0,7,1,14.285714285714285,0.0,-10.382654805499989,-11.709085099999994,42.857142857142854,-11.709085099999994,0
value/development,lowper-5-20,export_recovery,2,0,0.0,-10.603726521249989,-11.488013384249992,-11.709085099999994,100.0,-11.709085099999994,0,2,0,0.0,-10.603726521249989,-11.488013384249992,-11.709085099999994,100.0,-11.709085099999994,0
value/development,lowper-5-5,all,46,5,10.869565217391305,0.0,-9.5220714075,-11.551909184999998,41.30434782608695,-12.386740671545516,1,14,1,7.142857142857142,-0.3169583512499907,-9.765340180750007,-10.69357406999999,50.0,-10.935024050821717,1
value/development,lowper-5-5,export_growth,12,2,16.666666666666664,1.0742265025000197,-7.196799124749991,-11.551909184999998,41.66666666666667,-11.551909184999998,0,6,2,33.33333333333333,-0.8952324687499735,-9.709923648749996,-11.551909184999998,66.66666666666666,-11.551909184999998,0
value/development,lowper-5-5,recovery,10,1,10.0,-3.9339690562499974,-10.77940758149999,-11.551909184999998,50.0,-11.551909184999998,0,7,1,14.285714285714285,0.0,-10.534841772000007,-11.551909184999998,42.857142857142854,-11.551909184999998,0
value/development,lowper-5-5,export_recovery,2,0,0.0,-9.709923648749996,-11.183512077749997,-11.551909184999998,100.0,-11.551909184999998,0,2,0,0.0,-9.709923648749996,-11.183512077749997,-11.551909184999998,100.0,-11.551909184999998,0
value/development,lowper-8-20,all,46,3,6.521739130434782,0.0,-9.015503662499992,-11.311514864999994,32.608695652173914,-11.311514864999994,1,14,0,0.0,0.0,-9.06881648549999,-10.030620490000008,28.57142857142857,-10.123817049999994,1
value/development,lowper-8-20,export_growth,12,2,16.666666666666664,3.236815633750001,-4.628925684499987,-11.311514864999994,25.0,-11.311514864999994,0,6,2,33.33333333333333,2.680657961249999,-8.17069240499999,-11.311514864999994,33.33333333333333,-11.311514864999994,0
value/development,lowper-8-20,recovery,10,0,0.0,0.0,-10.158709927500006,-11.311514864999994,40.0,-11.311514864999994,0,7,0,0.0,0.0,-10.542978240000002,-11.311514864999994,42.857142857142854,-11.311514864999994,0
value/development,lowper-8-20,export_recovery,2,0,0.0,-8.17069240499999,-10.683350372999993,-11.311514864999994,100.0,-11.311514864999994,0,2,0,0.0,-8.17069240499999,-10.683350372999993,-11.311514864999994,100.0,-11.311514864999994,0
value/development,lowper-8-5,all,46,4,8.695652173913043,0.0,-8.358293687499994,-10.879523834999993,36.95652173913043,-11.724765900409784,1,14,1,7.142857142857142,0.0,-9.451560443749997,-10.630763629999995,35.714285714285715,-10.938983109999988,1
value/development,lowper-8-5,export_growth,12,2,16.666666666666664,2.38753557125001,-3.8524671369999917,-10.879523834999993,25.0,-10.879523834999993,0,6,2,33.33333333333333,2.1056887337499997,-7.549522219999993,-10.879523834999993,33.33333333333333,-10.879523834999993,0
value/development,lowper-8-5,recovery,10,0,0.0,-2.1097603024999967,-10.655639650499994,-10.879523834999993,50.0,-10.938983109999988,0,7,0,0.0,0.0,-10.306492258499995,-10.879523834999993,42.857142857142854,-10.879523834999993,0
value/development,lowper-8-5,export_recovery,2,0,0.0,-7.549522219999993,-10.213523511999993,-10.879523834999993,100.0,-10.879523834999993,0,2,0,0.0,-7.549522219999993,-10.213523511999993,-10.879523834999993,100.0,-10.879523834999993,0
value/validation,lowper-3-20,all,45,7,15.555555555555555,-4.239090020000013,-10.807845711999994,-13.73628953999999,68.88888888888889,-13.73628953999999,0,13,1,7.6923076923076925,-4.3597825550000024,-11.453479734999998,-13.73628953999999,76.92307692307693,-13.73628953999999,0
value/validation,lowper-3-20,export_growth,17,1,5.88235294117647,-4.3597825550000024,-11.329371755999995,-13.73628953999999,88.23529411764706,-13.73628953999999,0,5,0,0.0,-4.239090020000013,-9.985686745999995,-13.73628953999999,100.0,-13.73628953999999,0
value/validation,lowper-3-20,recovery,5,1,20.0,-3.7908801124999947,-8.561754575000002,-9.263357375000004,60.0,-11.204045718665967,0,5,1,20.0,-3.7908801124999947,-8.561754575000002,-9.263357375000004,60.0,-11.204045718665967,0
value/validation,lowper-3-20,export_recovery,2,0,0.0,-6.527118743749999,-8.716109648750002,-9.263357375000004,100.0,-11.204045718665967,0,2,0,0.0,-6.527118743749999,-8.716109648750002,-9.263357375000004,100.0,-11.204045718665967,0
value/validation,lowper-5-20,all,45,9,20.0,-2.156410000000031,-10.60530189300001,-17.81356821250001,53.333333333333336,-20.52478942062144,0,13,2,15.384615384615385,-2.1711214350000008,-10.487948097500011,-11.901654644999994,61.53846153846154,-12.399594025196858,0
value/validation,lowper-5-20,export_growth,17,1,5.88235294117647,-2.803418709999994,-11.938033764999991,-12.58474906999999,70.58823529411765,-13.469386689682938,0,5,0,0.0,-1.8675389550000143,-8.271394862000001,-11.901654644999994,60.0,-12.138056280715514,0
value/validation,lowper-5-20,recovery,5,2,40.0,5.688611202500016,-7.057233532,-12.58474906999999,20.0,-13.437226225775568,0,5,2,40.0,5.688611202500016,-7.057233532,-12.58474906999999,20.0,-13.437226225775568,0
value/validation,lowper-5-20,export_recovery,2,0,0.0,-3.4480689337499872,-10.75741304274999,-12.58474906999999,50.0,-13.437226225775568,0,2,0,0.0,-3.4480689337499872,-10.75741304274999,-12.58474906999999,50.0,-13.437226225775568,0
value/validation,lowper-5-5,all,45,8,17.77777777777778,-3.8623432699999793,-11.00154357799999,-12.545067920000019,62.22222222222222,-13.531832269717325,0,13,3,23.076923076923077,-3.8623432699999793,-10.326185760400003,-11.169328694999992,69.23076923076923,-12.933197471358104,0
value/validation,lowper-5-5,export_growth,17,2,11.76470588235294,-6.083913229999993,-12.198493792499997,-12.545067920000019,70.58823529411765,-13.349992473283711,0,5,1,20.0,-5.930740922500011,-8.484975188,-9.826924559999984,80.0,-10.555876244008921,0
value/validation,lowper-5-5,recovery,5,2,40.0,3.3908586824999976,-8.421376421500009,-12.496656232500003,40.0,-13.349992473283711,0,5,2,40.0,3.3908586824999976,-8.421376421500009,-12.496656232500003,40.0,-13.349992473283711,0
value/validation,lowper-5-5,export_recovery,2,0,0.0,-4.552898775000003,-10.907904741000003,-12.496656232500003,50.0,-13.349992473283711,0,2,0,0.0,-4.552898775000003,-10.907904741000003,-12.496656232500003,50.0,-13.349992473283711,0
value/validation,lowper-8-20,all,45,9,20.0,-2.1830764550000104,-9.904991587799993,-18.032738590000008,64.44444444444444,-20.755528439374793,1,13,2,15.384615384615385,-4.320353832500013,-9.214517765000021,-10.387230867500008,76.92307692307693,-12.345747312384258,0
value/validation,lowper-8-20,export_growth,17,0,0.0,-6.980031479999971,-10.152306434999995,-12.713350902499986,76.47058823529412,-14.236093978819254,0,5,0,0.0,-6.522980152500002,-9.129093805000014,-9.299941725000027,80.0,-11.480872952989662,0
value/validation,lowper-8-20,recovery,5,2,40.0,1.6019104875000023,-7.6611982614999965,-12.713350902499986,40.0,-13.382828232211919,0,5,2,40.0,1.6019104875000023,-7.6611982614999965,-12.713350902499986,40.0,-13.382828232211919,0
value/validation,lowper-8-20,export_recovery,2,0,0.0,-5.555720207499991,-11.281824763499987,-12.713350902499986,50.0,-13.382828232211919,0,2,0,0.0,-5.555720207499991,-11.281824763499987,-12.713350902499986,50.0,-13.382828232211919,0
value/confirmation,lowper-3-20,all,29,9,31.03448275862069,2.1088225299999985,-10.025609055000002,-13.722149844999997,37.93103448275862,-16.60028937989846,0,9,3,33.33333333333333,2.6525657084999876,-11.081677590499996,-13.586108772499994,44.44444444444444,-16.583848065358097,0
value/confirmation,lowper-3-20,export_growth,9,2,22.22222222222222,1.5282553879999883,-10.678925065000003,-13.722149844999997,33.33333333333333,-15.809366137105519,0,5,1,20.0,0.6117829800000196,-12.200537455,-13.722149844999997,40.0,-15.809366137105519,0
value/confirmation,lowper-3-20,recovery,2,0,0.0,-1.0407474789999869,-4.932108831799985,-5.904949169999984,50.0,-16.60028937989846,0,2,0,0.0,-1.0407474789999869,-4.932108831799985,-5.904949169999984,50.0,-16.60028937989846,0
value/confirmation,lowper-3-20,export_recovery,0,,,,,,,,,0,,,,,,,,
value/confirmation,lowper-5-20,all,29,12,41.37931034482759,9.190769754000016,-7.229589004799998,-13.56626407249999,31.03448275862069,-15.72142288656815,0,9,4,44.44444444444444,9.513335191999994,-7.992951366499991,-13.56626407249999,33.33333333333333,-15.72142288656815,0
value/confirmation,lowper-5-20,export_growth,9,3,33.33333333333333,5.868267742000022,-6.998254707999993,-8.592780779999998,33.33333333333333,-12.799360748713928,0,5,2,40.0,0.3200960874999881,-7.2370278950000015,-8.592780779999998,40.0,-12.799360748713928,0
value/confirmation,lowper-5-20,recovery,2,0,0.0,-0.007623496499997273,-7.105693625699995,-8.880211157999994,50.0,-15.713545493666615,0,2,0,0.0,-0.007623496499997273,-7.105693625699995,-8.880211157999994,50.0,-15.713545493666615,0
value/confirmation,lowper-5-20,export_recovery,0,,,,,,,,,0,,,,,,,,
value/confirmation,lowper-5-5,all,29,11,37.93103448275862,4.2897268990000015,-9.235093066500003,-16.587250620499994,41.37931034482759,-16.795723061222134,0,9,3,33.33333333333333,4.138542261500011,-11.2729684461,-16.587250620499994,44.44444444444444,-16.795723061222134,0
value/confirmation,lowper-5-5,export_growth,9,3,33.33333333333333,4.2897268990000015,-7.05599765549999,-9.057766857500004,33.33333333333333,-11.02700887276824,0,5,2,40.0,1.0148874525000018,-6.0146926399999945,-6.555555354999987,40.0,-10.62922354631307,0
value/confirmation,lowper-5-5,recovery,2,0,0.0,-1.8689258889999891,-10.008976959799991,-12.043989727499993,50.0,-16.79396574705644,0,2,0,0.0,-1.8689258889999891,-10.008976959799991,-12.043989727499993,50.0,-16.79396574705644,0
value/confirmation,lowper-5-5,export_recovery,0,,,,,,,,,0,,,,,,,,
value/confirmation,lowper-8-20,all,29,11,37.93103448275862,5.917436232499984,-6.047793711799995,-14.052000382500008,24.137931034482758,-15.042577880713138,0,9,3,33.33333333333333,5.883771293000017,-6.421455665800011,-10.293629068999987,22.22222222222222,-12.832296557879763,0
value/confirmation,lowper-8-20,export_growth,9,2,22.22222222222222,5.832772352500015,-7.173129928500015,-14.052000382500008,44.44444444444444,-15.042577880713138,0,5,1,20.0,-0.44164557350002687,-9.551675749500003,-14.052000382500008,60.0,-15.042577880713138,0
value/confirmation,lowper-8-20,recovery,2,0,0.0,-1.3579643120000093,-6.237029189600006,-7.456795409000005,50.0,-13.114228809301643,0,2,0,0.0,-1.3579643120000093,-6.237029189600006,-7.456795409000005,50.0,-13.114228809301643,0
value/confirmation,lowper-8-20,export_recovery,0,,,,,,,,,0,,,,,,,,
expanded/development-verified,momentum-120-3-monthly,all,46,15,32.608695652173914,-6.0990655312500035,-12.419508709750005,-16.98014442,60.86956521739131,-17.871216555000004,1,14,5,35.714285714285715,-7.101433586,-12.370703003000001,-16.6837167375,64.28571428571429,-16.6837167375,0
expanded/development-verified,momentum-120-3-monthly,export_growth,12,6,50.0,8.69115371775,-8.60505213224999,-9.959964577500003,33.33333333333333,-13.439997983065277,1,6,2,33.33333333333333,3.5850941914999934,-7.875854863750003,-8.71084728749999,33.33333333333333,-10.55479222236494,1
expanded/development-verified,momentum-120-3-monthly,recovery,10,2,20.0,-9.687218813749997,-12.289069604999998,-16.98014442,70.0,-17.871216555000004,0,7,2,28.57142857142857,-8.832190787499993,-13.753009591500001,-16.98014442,57.14285714285714,-17.871216555000004,0
expanded/development-verified,momentum-120-3-monthly,export_recovery,2,1,50.0,9.087166136499992,6.78837863769999,6.21368176299999,0.0,-4.975624157500002,0,2,1,50.0,9.087166136499992,6.78837863769999,6.21368176299999,0.0,-4.975624157500002,0
expanded/development-verified,momentum-120-5-monthly,all,46,17,36.95652173913043,-6.483843371999992,-11.479431740999996,-16.921634146999985,58.69565217391305,-16.921634146999985,0,14,4,28.57142857142857,-7.788763514750002,-10.940924317749992,-12.318237754999995,64.28571428571429,-13.52661830293127,0
expanded/development-verified,momentum-120-5-monthly,export_growth,12,8,66.66666666666666,11.956816235000002,-9.825709489499985,-10.915199749999982,33.33333333333333,-12.208053181788747,0,6,4,66.66666666666666,11.930465703249983,-7.6163877399999915,-10.152392104999986,33.33333333333333,-12.208053181788747,0
expanded/development-verified,momentum-120-5-monthly,recovery,10,3,30.0,-7.536101708000004,-11.388325329500011,-13.30765799,60.0,-14.216212622500002,0,7,2,28.57142857142857,-7.52599623750001,-10.980681817999981,-13.30765799,57.14285714285714,-14.216212622500002,0
expanded/development-verified,momentum-120-5-monthly,export_recovery,2,2,100.0,13.023295099499999,12.536682355099993,12.415029168999991,0.0,-5.009468500000002,0,2,2,100.0,13.023295099499999,12.536682355099993,12.415029168999991,0.0,-5.009468500000002,0
expanded/development-verified,momentum-20-3-monthly,all,46,18,39.130434782608695,-0.5325445705000098,-11.199567124999998,-15.948864411999997,50.0,-17.348714906638108,0,14,8,57.14285714285714,11.369237642749997,-10.348388838,-11.002209512500006,35.714285714285715,-13.209856365109395,0
expanded/development-verified,momentum-20-3-monthly,export_growth,12,5,41.66666666666667,1.87216261,-9.144009338250005,-11.396924737499992,50.0,-13.860461203869201,0,6,3,50.0,7.707810017500016,-7.3524461867500115,-9.233992310000005,33.33333333333333,-13.860461203869201,0
expanded/development-verified,momentum-20-3-monthly,recovery,10,4,40.0,-1.0699546380000147,-11.16384729565,-14.204586806500007,50.0,-16.74107695331112,0,7,2,28.57142857142857,-5.470900063500017,-9.982195930499996,-10.825987349999998,57.14285714285714,-13.860461203869201,0
expanded/development-verified,momentum-20-3-monthly,export_recovery,2,1,50.0,3.272590875749992,-3.7222018756500153,-5.470900063500017,50.0,-13.860461203869201,0,2,1,50.0,3.272590875749992,-3.7222018756500153,-5.470900063500017,50.0,-13.860461203869201,0
expanded/development-verified,momentum-20-5-monthly,all,46,12,26.08695652173913,-2.6623854887500134,-10.48295040524999,-13.762627243499992,58.69565217391305,-15.634823904635597,2,14,6,42.857142857142854,0.5678171912499808,-9.207714970249993,-9.340186769499992,50.0,-15.634823904635597,1
expanded/development-verified,momentum-20-5-monthly,export_growth,12,6,50.0,8.738607190000014,-10.794621070900009,-11.96134365000001,41.66666666666667,-12.15464544,2,6,3,50.0,3.6250747400000067,-9.808127620500013,-11.041244433500008,50.0,-11.344873573520031,1
expanded/development-verified,momentum-20-5-monthly,recovery,10,3,30.0,-9.317882934749994,-10.245398863099986,-11.041244433500008,60.0,-15.634823904635597,0,7,2,28.57142857142857,-9.340186769499992,-10.510680719899995,-11.041244433500008,57.14285714285714,-11.649592597516135,0
expanded/development-verified,momentum-20-5-monthly,export_recovery,2,1,50.0,0.1576432207499927,-8.801466902650008,-11.041244433500008,50.0,-11.344873573520031,0,2,1,50.0,0.1576432207499927,-8.801466902650008,-11.041244433500008,50.0,-11.344873573520031,0
expanded/development-verified,momentum-60-3-monthly,all,46,18,39.130434782608695,-3.104917149499997,-12.831418082499995,-18.490885422500003,54.347826086956516,-24.983388192823487,0,14,7,50.0,1.6812733697500022,-12.076796961500007,-17.202176702500005,50.0,-17.202176702500005,0
expanded/development-verified,momentum-60-3-monthly,export_growth,12,7,58.333333333333336,10.603673571249983,-6.674131176000009,-13.867370259999989,33.33333333333333,-13.867370259999989,0,6,3,50.0,9.758948914999998,-4.49190094450001,-6.8366489300000115,33.33333333333333,-12.340756506787665,0
expanded/development-verified,momentum-60-3-monthly,recovery,10,4,40.0,6.858871647500008,-12.027629791250005,-12.383267165000012,40.0,-12.669759082369348,0,7,3,42.857142857142854,8.902278350000014,-10.139734343499994,-11.988114527500004,28.57142857142857,-12.669759082369348,0
expanded/development-verified,momentum-60-3-monthly,export_recovery,2,1,50.0,9.758948914999998,9.07361246300001,8.902278350000014,0.0,-6.49095001831207,0,2,1,50.0,9.758948914999998,9.07361246300001,8.902278350000014,0.0,-6.49095001831207,0
expanded/development-verified,momentum-60-5-monthly,all,46,16,34.78260869565217,-4.697129382749998,-11.546885724000006,-15.340965159000008,60.86956521739131,-20.39787906149956,1,14,7,50.0,2.0377191712499796,-10.535656130749995,-11.140582075000005,50.0,-11.75039897495168,0
expanded/development-verified,momentum-60-5-monthly,export_growth,12,7,58.333333333333336,11.5876498125,-8.769172313000016,-11.238330072500002,41.66666666666667,-14.850356689578447,1,6,4,66.66666666666666,11.866281057500006,-5.313033546250011,-8.967142282500017,33.33333333333333,-14.850356689578447,1
expanded/development-verified,momentum-60-5-monthly,recovery,10,5,50.0,1.1263922237500168,-12.821150872650003,-15.340965159000008,50.0,-15.340965159000008,0,7,4,57.14285714285714,10.843874627500028,-10.702342294500001,-12.541171507500003,42.857142857142854,-12.628320712280761,0
expanded/development-verified,momentum-60-5-monthly,export_recovery,2,2,100.0,12.576627504750004,11.254930784949996,10.924506604999994,0.0,-7.155292455000017,0,2,2,100.0,12.576627504750004,11.254930784949996,10.924506604999994,0.0,-7.155292455000017,0
expanded/development-verified,recovery-40-3-monthly,all,46,7,15.217391304347828,-0.5212767924999917,-6.047645816249991,-10.369033145000007,52.17391304347826,-11.202497091957254,5,14,2,14.285714285714285,-1.8147762012500068,-6.613118359399998,-10.369033145000007,64.28571428571429,-11.202497091957254,1
expanded/development-verified,recovery-40-3-monthly,export_growth,12,4,33.33333333333333,0.8759029809999874,-6.38583197784998,-10.264595105000007,41.66666666666667,-10.264595105000007,0,6,1,16.666666666666664,0.10575001974999498,-8.359405350749993,-10.264595105000007,50.0,-10.264595105000007,0
expanded/development-verified,recovery-40-3-monthly,recovery,10,1,10.0,-0.5792476084999942,-4.723440070500004,-5.103014175000009,60.0,-9.61249148500002,0,7,1,14.285714285714285,-0.9744737919999968,-4.849964772000006,-5.103014175000009,71.42857142857143,-9.61249148500002,0
expanded/development-verified,recovery-40-3-monthly,export_recovery,2,0,0.0,2.0639476795,-0.36678949769999747,-0.9744737919999968,50.0,-2.359859361000005,0,2,0,0.0,2.0639476795,-0.36678949769999747,-0.9744737919999968,50.0,-2.359859361000005,0
expanded/development-verified,recovery-60-3-monthly,all,46,5,10.869565217391305,-1.9756175824999889,-7.879725377750008,-11.587973680000008,65.21739130434783,-12.348170808949543,1,14,2,14.285714285714285,-2.5683983387499945,-7.500053499499998,-7.860878658000003,78.57142857142857,-8.120446777774537,0
expanded/development-verified,recovery-60-3-monthly,export_growth,12,4,33.33333333333333,8.109156806000005,-5.934183986000009,-10.574167677499979,41.66666666666667,-12.348170808949543,0,6,1,16.666666666666664,-1.7186427797500015,-6.566243397499977,-10.574167677499979,66.66666666666666,-12.348170808949543,0
expanded/development-verified,recovery-60-3-monthly,recovery,10,0,0.0,-1.525356883750001,-7.921975404200003,-8.471846120000004,70.0,-9.916160179704647,0,7,0,0.0,-2.3009078545000006,-8.105265642800003,-8.471846120000004,85.71428571428571,-9.916160179704647,0
expanded/development-verified,recovery-60-3-monthly,export_recovery,2,0,0.0,-1.7186427797500015,-2.1844548395500007,-2.3009078545000006,100.0,-2.633988328500003,0,2,0,0.0,-1.7186427797500015,-2.1844548395500007,-2.3009078545000006,100.0,-2.633988328500003,0
expanded/development-verified,recovery-80-3-monthly,all,46,4,8.695652173913043,-1.1734393562500056,-7.766273502500004,-11.826942020000008,56.52173913043478,-13.301604615930184,0,14,2,14.285714285714285,-1.9458043195000052,-7.295455304900009,-10.906131045,71.42857142857143,-10.906131045,0
expanded/development-verified,recovery-80-3-monthly,export_growth,12,3,25.0,1.190885609249992,-7.665966577299995,-11.826942020000008,41.66666666666667,-13.301604615930184,0,6,1,16.666666666666664,-0.45669013974998784,-9.070208900250003,-11.826942020000008,50.0,-13.301604615930184,0
expanded/development-verified,recovery-80-3-monthly,recovery,10,0,0.0,-2.456376467249999,-6.029269141,-8.634096490000044,70.0,-10.495547934844751,0,7,0,0.0,-2.3009078545000006,-5.9972657500000155,-8.634096490000044,57.14285714285714,-10.495547934844751,0
expanded/development-verified,recovery-80-3-monthly,export_recovery,2,0,0.0,-0.45669013974998784,-1.932064311549998,-2.3009078545000006,50.0,-2.633988328500003,0,2,0,0.0,-0.45669013974998784,-1.932064311549998,-2.3009078545000006,50.0,-2.633988328500003,0
expanded/validation,momentum-120-5-monthly,all,45,19,42.22222222222222,-4.480774692500001,-11.411964048999998,-14.945248400000011,53.333333333333336,-17.195520468726134,1,13,5,38.46153846153847,-5.419580465000006,-9.548976187000005,-9.743698970000004,53.84615384615385,-13.731786781245992,1
expanded/validation,momentum-120-5-monthly,export_growth,17,5,29.411764705882355,-8.542939177499997,-12.461880283,-13.662245439999998,70.58823529411765,-17.195520468726134,0,5,2,40.0,-6.568099850000008,-9.479287629000003,-9.618664745000006,60.0,-12.80615609988417,0
expanded/validation,momentum-120-5-monthly,recovery,5,3,60.0,10.254639389999998,-9.759001316499996,-9.921535577499995,40.0,-12.392340750402441,0,5,3,60.0,10.254639389999998,-9.759001316499996,-9.921535577499995,40.0,-12.392340750402441,0
expanded/validation,momentum-120-5-monthly,export_recovery,2,0,0.0,-9.718367751249996,-9.880902012249996,-9.921535577499995,100.0,-12.392340750402441,0,2,0,0.0,-9.718367751249996,-9.880902012249996,-9.921535577499995,100.0,-12.392340750402441,0
expanded/validation,momentum-20-5-monthly,all,45,23,51.11111111111111,10.056405967500016,-11.131485208100003,-13.87219139,46.666666666666664,-16.35485985453099,0,13,7,53.84615384615385,11.009198910000006,-11.088906832999992,-13.87219139,46.15384615384615,-16.35485985453099,0
expanded/validation,momentum-20-5-monthly,export_growth,17,6,35.294117647058826,-4.860879320000022,-11.249976018699996,-13.854577018999992,58.82352941176471,-14.709917111000003,0,5,2,40.0,-9.756214195999979,-10.974265583499992,-11.203548082499992,60.0,-11.941577982500007,0
expanded/validation,momentum-20-5-monthly,recovery,5,3,60.0,10.056405967500016,-5.824260708999991,-7.587158604999988,40.0,-10.830246697638767,0,5,3,60.0,10.056405967500016,-5.824260708999991,-7.587158604999988,40.0,-10.830246697638767,0
expanded/validation,momentum-20-5-monthly,export_recovery,2,1,50.0,1.2346236812500138,-5.822802147749988,-7.587158604999988,50.0,-10.156535971324132,0,2,1,50.0,1.2346236812500138,-5.822802147749988,-7.587158604999988,50.0,-10.156535971324132,0
expanded/validation,momentum-60-5-monthly,all,45,20,44.44444444444444,-3.1756219425000065,-11.104499970000013,-12.343168487500012,55.55555555555556,-13.817350787277382,0,13,6,46.15384615384615,-0.6913289799999944,-10.7389801956,-11.299012120000018,53.84615384615385,-11.686720665000006,0
expanded/validation,momentum-60-5-monthly,export_growth,17,3,17.647058823529413,-8.193456982499992,-11.30714401800001,-12.343168487500012,82.35294117647058,-13.817350787277382,0,5,2,40.0,-8.200404915749992,-10.85545283400001,-11.299012120000018,60.0,-11.299012120000018,0
expanded/validation,momentum-60-5-monthly,recovery,5,3,60.0,10.56035450749999,-5.436278093999998,-6.943382194999992,40.0,-12.183055792121811,0,5,3,60.0,10.56035450749999,-5.436278093999998,-6.943382194999992,40.0,-12.183055792121811,0
expanded/validation,momentum-60-5-monthly,export_recovery,2,0,0.0,-5.05950206875,-6.566606169749994,-6.943382194999992,100.0,-12.183055792121811,0,2,0,0.0,-5.05950206875,-6.566606169749994,-6.943382194999992,100.0,-12.183055792121811,0
expanded/validation,recovery-60-3-monthly,all,45,10,22.22222222222222,2.2033612919999834,-4.581524271399995,-7.314874161499995,35.55555555555556,-10.260183368194253,1,13,2,15.384615384615385,-0.8131836637499834,-4.775801223000005,-7.314874161499995,61.53846153846154,-8.940513054457867,0
expanded/validation,recovery-60-3-monthly,export_growth,17,2,11.76470588235294,0.05169186500002532,-3.4187721140000082,-4.818910595000004,35.294117647058826,-7.617909306520598,0,5,0,0.0,-0.8131836637499834,-4.12017786300001,-4.818910595000004,80.0,-7.617909306520598,0
expanded/validation,recovery-60-3-monthly,recovery,5,2,40.0,8.17971756,0.09630058599999991,-0.48695178500000047,20.0,-4.415741241169291,0,5,2,40.0,8.17971756,0.09630058599999991,-0.48695178500000047,20.0,-4.415741241169291,0
expanded/validation,recovery-60-3-monthly,export_recovery,2,0,0.0,0.24211367875,-0.3411386922500004,-0.48695178500000047,50.0,-4.415741241169291,0,2,0,0.0,0.24211367875,-0.3411386922500004,-0.48695178500000047,50.0,-4.415741241169291,0
expanded/confirmation,momentum-120-5-monthly,all,29,13,44.827586206896555,-3.571862497499989,-11.391596178000011,-12.570366430000002,55.172413793103445,-21.157163231862043,0,9,3,33.33333333333333,-5.808986490000012,-10.887055076000014,-11.544220500000002,66.66666666666666,-13.055889835517132,0
expanded/confirmation,momentum-120-5-monthly,export_growth,9,4,44.44444444444444,-4.081383510000003,-10.016046661999995,-12.570366430000002,55.55555555555556,-21.157163231862043,0,5,2,40.0,-4.081383510000003,-10.304938228,-12.570366430000002,60.0,-21.157163231862043,0
expanded/confirmation,momentum-120-5-monthly,recovery,2,2,100.0,12.115819774999991,12.097380126999974,12.09277021499997,0.0,-3.2604961448986503,0,2,2,100.0,12.115819774999991,12.097380126999974,12.09277021499997,0.0,-3.2604961448986503,0
expanded/confirmation,momentum-120-5-monthly,export_recovery,0,,,,,,,,,0,,,,,,,,
expanded/confirmation,momentum-20-5-monthly,all,29,13,44.827586206896555,8.762004124249989,-8.838274087000006,-11.941033480000007,41.37931034482759,-14.30006862238603,0,9,4,44.44444444444444,-0.903604349999998,-9.366969440000005,-11.941033480000007,55.55555555555556,-13.67779483094883,0
expanded/confirmation,momentum-20-5-monthly,export_growth,9,3,33.33333333333333,-4.823185879999992,-8.838274087000006,-9.297556714999999,55.55555555555556,-13.67779483094883,0,5,2,40.0,9.662980200000003,-7.8836242210000025,-9.297556714999999,40.0,-13.612180805826824,0
expanded/confirmation,momentum-20-5-monthly,recovery,2,2,100.0,12.085449023750005,11.93433350275001,11.89655462250001,0.0,-8.102594001925967,0,2,2,100.0,12.085449023750005,11.93433350275001,11.89655462250001,0.0,-8.102594001925967,0
expanded/confirmation,momentum-20-5-monthly,export_recovery,0,,,,,,,,,0,,,,,,,,
expanded/confirmation,momentum-60-5-monthly,all,29,13,44.827586206896555,-1.114671690000002,-8.719041310999998,-13.666157460000006,51.724137931034484,-14.680304720000015,0,9,4,44.44444444444444,-1.185317877500014,-10.416223322999993,-13.016828155000004,55.55555555555556,-13.581197285000002,0
expanded/confirmation,momentum-60-5-monthly,export_growth,9,3,33.33333333333333,-1.114671690000002,-5.866070234,-8.45728361,55.55555555555556,-11.769142156403934,0,5,1,20.0,-1.114671690000002,-3.1191985069999983,-3.8575487549999954,60.0,-11.324117879935114,0
expanded/confirmation,momentum-60-5-monthly,recovery,2,0,0.0,-3.5387209987499997,-5.421443495749989,-5.892124119999986,100.0,-10.957662516743127,0,2,0,0.0,-3.5387209987499997,-5.421443495749989,-5.892124119999986,100.0,-10.957662516743127,0
expanded/confirmation,momentum-60-5-monthly,export_recovery,0,,,,,,,,,0,,,,,,,,
expanded/confirmation,recovery-60-3-monthly,all,29,16,55.172413793103445,11.009781525000006,-1.1920879039999943,-2.053807154999987,20.689655172413794,-9.370341384491143,0,9,5,55.55555555555556,10.370836254999993,-1.1920879039999943,-1.509679350000026,22.22222222222222,-9.370341384491143,0
expanded/confirmation,recovery-60-3-monthly,export_growth,9,6,66.66666666666666,13.021991405,-0.045272887999996396,-0.22636443999998201,11.11111111111111,-5.129327600315525,0,5,4,80.0,13.021991405,4.805094099999998,0.0,0.0,-5.129327600315525,0
expanded/confirmation,recovery-60-3-monthly,recovery,2,0,0.0,0.8734164050000048,-1.4683624429999886,-2.053807154999987,50.0,-2.5459280549999908,0,2,0,0.0,0.8734164050000048,-1.4683624429999886,-2.053807154999987,50.0,-2.5459280549999908,0
expanded/confirmation,recovery-60-3-monthly,export_recovery,0,,,,,,,,,0,,,,,,,,
expanded/cost20,recovery-60-3-monthly,all,29,17,58.620689655172406,10.927279345000018,-1.550255770999993,-3.3898773850000063,20.689655172413794,-9.508726758261965,0,9,5,55.55555555555556,10.203587694999982,-1.5502557709999931,-1.932722585000024,22.22222222222222,-9.508726758261965,0
expanded/cost20,recovery-60-3-monthly,export_growth,9,6,66.66666666666666,12.68033341500001,-0.07644468800000358,-0.38222344000001796,11.11111111111111,-5.221705170556024,0,5,4,80.0,12.68033341500001,4.7148668479999944,0.0,0.0,-5.221705170556024,0
expanded/cost20,recovery-60-3-monthly,recovery,2,0,0.0,0.7002151999999984,-1.5847002840000024,-2.1559291550000026,50.0,-2.629081904999997,0,2,0,0.0,0.7002151999999984,-1.5847002840000024,-2.1559291550000026,50.0,-2.629081904999997,0
expanded/cost20,recovery-60-3-monthly,export_recovery,0,,,,,,,,,0,,,,,,,,
expanded/seed205,recovery-60-3-monthly,all,29,16,55.172413793103445,11.009781525000006,-1.1920879039999943,-2.053807154999987,20.689655172413794,-9.370341384491143,0,9,5,55.55555555555556,10.370836254999993,-1.1920879039999943,-1.509679350000026,22.22222222222222,-9.370341384491143,0
expanded/seed205,recovery-60-3-monthly,export_growth,9,6,66.66666666666666,13.021991405,-0.045272887999996396,-0.22636443999998201,11.11111111111111,-5.129327600315525,0,5,4,80.0,13.021991405,4.805094099999998,0.0,0.0,-5.129327600315525,0
expanded/seed205,recovery-60-3-monthly,recovery,2,0,0.0,0.8734164050000048,-1.4683624429999886,-2.053807154999987,50.0,-2.5459280549999908,0,2,0,0.0,0.8734164050000048,-1.4683624429999886,-2.053807154999987,50.0,-2.5459280549999908,0
expanded/seed205,recovery-60-3-monthly,export_recovery,0,,,,,,,,,0,,,,,,,,
expanded/seed206,recovery-60-3-monthly,all,29,16,55.172413793103445,11.009781525000006,-1.1920879039999943,-2.053807154999998,20.689655172413794,-9.370341384491143,0,9,5,55.55555555555556,10.370836254999993,-1.1920879039999943,-1.509679350000026,22.22222222222222,-9.370341384491143,0
expanded/seed206,recovery-60-3-monthly,export_growth,9,6,66.66666666666666,13.021991405,-0.045272887999998616,-0.22636443999999312,11.11111111111111,-5.129327600315525,0,5,4,80.0,13.021991405,4.805094099999998,0.0,0.0,-5.129327600315525,0
expanded/seed206,recovery-60-3-monthly,recovery,2,0,0.0,0.8734164049999993,-1.4683624429999986,-2.053807154999998,50.0,-2.545928055000002,0,2,0,0.0,0.8734164049999993,-1.4683624429999986,-2.053807154999998,50.0,-2.545928055000002,0
expanded/seed206,recovery-60-3-monthly,export_recovery,0,,,,,,,,,0,,,,,,,,
