directory,candidate,stage,count,targetHits,targetFrequencyPct,medianPct,p10Pct,worstPct,worstDrawdownPct,unclosed,nonoverlapping_count,nonoverlapping_targetHits,nonoverlapping_medianPct
etf-development,momentum-20-3,development,46,3,6.521739130434782,-0.9917629859999999,-6.3790332122500075,-9.63938134450002,-9.916164661480853,14,14,1,-0.48376220599999353
etf-development,momentum-20-5,development,46,0,0,-0.6848705570000113,-4.887221586125012,-7.514684813500006,-8.444756399389487,15,14,0,-0.2433796603750149
etf-development,momentum-60-3,development,46,3,6.521739130434782,-0.06816755337500369,-4.0670385258749935,-5.50647082700001,-8.447638395013179,17,14,1,-0.12658478550000574
etf-development,momentum-60-5,development,46,2,4.3478260869565215,-0.07905606412498822,-3.189929294249999,-3.6294981932499804,-8.275278211575799,17,14,1,-0.4031576686249927
etf-development,momentum-120-3,development,46,4,8.695652173913043,-0.03115681862499997,-4.575037098249984,-11.727374939750035,-12.002337355685688,13,14,1,-0.18461545312500882
etf-development,momentum-120-5,development,46,1,2.1739130434782608,-0.05932365274999296,-2.8297261135000085,-8.596522962249963,-9.250361005911955,16,14,1,-0.24482983899999922
etf-development,breakout-20,development,46,0,0,-0.26180838100001713,-1.6353558618749986,-3.129719581750001,-5.308509139980111,7,14,0,-0.2166337244999983
etf-development,breakout-40,development,46,0,0,0,-1.220959512124986,-2.935414511750012,-3.850342413648733,2,14,0,-0.3281767259999957
etf-development,breakout-60,development,46,0,0,-0.24502904724998387,-1.4238689048749809,-3.0765515730000192,-3.990341788420493,3,14,0,-0.14980448012499314
recovery-etf-development,recovery-40-2,development,46,2,4.3478260869565215,-0.3573996381249944,-2.8749427963749907,-7.722890845500007,-7.949193139500011,5,14,1,-0.036663720250001974
recovery-etf-development,recovery-40-3,development,46,2,4.3478260869565215,-0.1572109463750082,-2.7895475553750106,-6.0303255019999895,-6.412384621474465,9,14,1,0.227402258874998
recovery-etf-development,recovery-40-4,development,46,1,2.1739130434782608,-0.22502517212498185,-2.3163013263749974,-5.056217065750013,-5.795672722544765,10,14,1,0.17048565324999654
recovery-etf-development,recovery-60-2,development,46,2,4.3478260869565215,-0.4038640477500077,-4.389708666000002,-9.300550918750005,-10.381657781057763,7,14,1,0.05272956599999823
recovery-etf-development,recovery-60-3,development,46,2,4.3478260869565215,-0.3225934121249996,-2.993507434874998,-8.496874045000013,-9.422778472070847,8,14,1,0.033904774999993226
recovery-etf-development,recovery-60-4,development,46,0,0,-0.24169321112499365,-2.441634634500006,-7.474858053999989,-7.754951297135582,10,14,0,0.025338062500002145
recovery-etf-development,recovery-80-2,development,46,2,4.3478260869565215,0,-4.132362307000004,-7.521553397249992,-7.635124586249997,6,14,1,-0.034757888250003255
recovery-etf-development,recovery-80-3,development,46,2,4.3478260869565215,0,-3.089098982874999,-9.370322656750007,-9.443769892750009,7,14,1,-0.02404252975001242
recovery-etf-development,recovery-80-4,development,46,0,0,-0.0010126428750034666,-2.5634992350000108,-7.837624559750022,-7.8933522722500316,8,14,0,-0.01788824225000263
monthly-etf-development,momentum-20-3-monthly,development,46,3,6.521739130434782,-0.8374374398749995,-4.046250176875004,-10.879985614999999,-10.879985614999999,12,14,1,-0.7644353423750028
monthly-etf-development,momentum-20-5-monthly,development,46,0,0,-0.45077301324998875,-3.127742086124996,-7.587520346999998,-8.266201263250005,13,14,0,-0.36958695887499005
monthly-etf-development,momentum-60-3-monthly,development,46,4,8.695652173913043,-0.3066380838750049,-4.258715877249986,-10.879985614999999,-10.879985614999999,11,14,1,-0.18934899949999973
monthly-etf-development,momentum-60-5-monthly,development,46,0,0,-0.12459063850000507,-2.771413790249999,-6.6139528097500015,-7.372981770265241,15,14,0,-0.18086498949999585
monthly-etf-development,momentum-120-3-monthly,development,46,2,4.3478260869565215,0.008475142874997399,-3.564083231875009,-6.516624516750003,-7.93463418528102,11,14,0,-0.01709060412500296
monthly-etf-development,momentum-120-5-monthly,development,46,1,2.1739130434782608,0.0992247329999918,-2.393745486500004,-4.34742281524999,-7.177549216625212,15,14,0,0.10565015087500296
monthly-etf-development,recovery-40-3-monthly,development,46,2,4.3478260869565215,0,-2.168554011249996,-5.678686844000014,-5.678686844000014,5,14,1,-0.11950242450000093
monthly-etf-development,recovery-60-3-monthly,development,46,2,4.3478260869565215,0,-2.3202809257500014,-6.133174220250015,-6.1540707575000075,5,14,1,0
monthly-etf-development,recovery-80-3-monthly,development,46,2,4.3478260869565215,0,-1.4487715042500016,-6.564173111000016,-6.564173111000016,4,14,1,0
stock-development,momentum-20-3,development,46,7,15.217391304347828,-5.1839431687499875,-10.721999367249996,-13.781380150000011,-13.923201411338981,0,14,2,-4.887589002499981
stock-development,momentum-20-5,development,46,8,17.391304347826086,-5.448565008000012,-10.926638641250001,-12.83780525249998,-14.559622088691482,2,14,1,-5.448565008000012
stock-development,momentum-60-3,development,46,5,10.869565217391305,-6.013838678750005,-10.579357119999994,-12.8066682775,-16.09763389461144,0,14,0,-3.9798762687499876
stock-development,momentum-60-5,development,46,6,13.043478260869565,-5.099016679999996,-11.141820877499997,-12.276283094999997,-13.322416102517309,0,14,1,-5.662867059999993
stock-development,momentum-120-3,development,46,7,15.217391304347828,-6.633014268749998,-11.396186898749994,-12.345972625000002,-15.018134111428349,0,14,1,-9.876982291250014
stock-development,momentum-120-5,development,46,5,10.869565217391305,-4.948817934500005,-10.56147777775,-12.481576914999993,-16.96668845998054,0,14,2,-4.48683217675
stock-development,breakout-20,development,46,1,2.1739130434782608,-4.721068666250006,-10.579528118749998,-11.837110027500009,-11.837110027500009,0,14,1,-5.4248878612500055
stock-development,breakout-40,development,46,0,0,-4.7449781497500005,-9.501925513749988,-10.909732222500024,-11.239530555990672,0,14,0,-4.4146646224999975
stock-development,breakout-60,development,46,0,0,-4.780634711000004,-9.731528078750006,-10.95662462,-10.95662462,0,14,0,-4.103144627500004
recovery-stock-development,recovery-40-2,development,46,1,2.1739130434782608,-5.27028709050002,-10.313096907499991,-12.311792290000023,-12.311792290000023,0,14,0,-3.824455179999986
recovery-stock-development,recovery-40-3,development,46,4,8.695652173913043,-4.088945852499981,-10.334024809250003,-13.263888655000011,-14.308236452922173,0,14,0,-3.9227794162500054
recovery-stock-development,recovery-40-4,development,46,2,4.3478260869565215,-4.927459479999985,-10.367190409250005,-12.694026219999966,-13.349703704735582,0,14,1,-4.5525730175
recovery-stock-development,recovery-60-2,development,46,5,10.869565217391305,-2.361583721249999,-10.23361942749999,-12.73432847999999,-14.428401649287604,0,14,1,-1.404268062499986
recovery-stock-development,recovery-60-3,development,46,0,0,-4.488285326250002,-9.759237505000012,-12.253587764999995,-12.253587764999995,0,14,0,-3.5201522324999956
recovery-stock-development,recovery-60-4,development,46,1,2.1739130434782608,-3.0618093337500207,-9.514163511250029,-11.128223094999989,-11.304816679235996,0,14,1,-3.0618093337500207
recovery-stock-development,recovery-80-2,development,46,1,2.1739130434782608,-3.514209298749998,-9.456935663500015,-14.517484829999983,-16.1769418979437,0,14,0,-3.2916044749999984
recovery-stock-development,recovery-80-3,development,46,1,2.1739130434782608,-2.6805815887500195,-9.490453908749991,-12.49960417999999,-13.191644237746836,0,14,1,-3.301205551250014
recovery-stock-development,recovery-80-4,development,46,3,6.521739130434782,-3.2876416775000195,-8.96771851750001,-10.81024246750003,-11.572537921452087,0,14,0,-4.540858163750006
monthly-stock-development,momentum-20-3-monthly,development,46,8,17.391304347826086,-5.104900593750001,-10.253379677749995,-14.290856575,-16.56144398438839,0,14,1,-5.387334380000003
monthly-stock-development,momentum-20-5-monthly,development,46,9,19.565217391304348,-2.5913343524999966,-10.469435889999996,-12.253893300000007,-13.531543988980467,2,14,1,-3.3379278775000074
monthly-stock-development,momentum-60-3-monthly,development,46,8,17.391304347826086,-1.9902203665000062,-10.919932822500005,-16.15295105,-18.18661245632106,1,14,3,-2.735800896500007
monthly-stock-development,momentum-60-5-monthly,development,46,7,15.217391304347828,-4.779826484999999,-11.620656680000007,-14.016309485,-15.592874757233655,0,14,1,-5.129712502499989
monthly-stock-development,momentum-120-3-monthly,development,46,7,15.217391304347828,-3.6410470249999993,-11.265088624999997,-14.572475272500007,-16.10498887619918,0,14,1,-6.957923296250008
monthly-stock-development,momentum-120-5-monthly,development,46,8,17.391304347826086,-4.794411992500008,-11.027433434999995,-14.330595624999997,-17.591959792785527,0,14,2,-6.623459213749983
monthly-stock-development,recovery-40-3-monthly,development,46,2,4.3478260869565215,-2.4431002149999994,-6.490972834999997,-9.994426224999998,-10.699914323301485,2,14,0,-2.8557586537499957
monthly-stock-development,recovery-60-3-monthly,development,46,5,10.869565217391305,-1.9976083899999941,-6.973275642499999,-9.792932780000019,-10.9086010351385,0,14,1,-3.320159304999981
monthly-stock-development,recovery-80-3-monthly,development,46,3,6.521739130434782,-1.6939250399999994,-6.796953649999981,-9.975983041000013,-10.967501564679328,2,14,0,-2.4050843000000044
quality-development,quality-20-0,development,46,0,0,-0.3130958462500111,-4.628738613750005,-7.350511035000007,-10.644231534495606,0,14,0,-0.3130958462500111
quality-development,quality-20-15,development,46,1,2.1739130434782608,-0.36281444249999795,-4.319217283750004,-8.691909662499997,-10.694933171273558,0,14,0,-0.7956651925000002
quality-development,quality-20-30,development,46,0,0,0,-4.379851643750005,-6.783014149999989,-9.539071667100485,0,14,0,0
quality-development,quality-60-0,development,46,2,4.3478260869565215,-0.15668677000000297,-6.282353559999981,-11.300703844999981,-11.453054479999992,0,14,1,-0.38447704250000325
quality-development,quality-60-15,development,46,1,2.1739130434782608,0,-5.184867647500008,-8.965136964999987,-9.183794280756263,0,14,0,0
quality-development,quality-60-30,development,46,0,0,0,-4.238031408749999,-6.266984700000022,-7.863122021971847,0,14,0,0
quality-development,quality-120-0,development,46,0,0,-0.7795741950000101,-6.3308656549999895,-11.628755127500012,-11.628755127500012,0,14,0,-1.501884891250005
quality-development,quality-120-15,development,46,0,0,-0.17207627500000489,-5.290800434999999,-7.33696194500002,-8.85616221949289,0,14,0,-0.9925407199999958
quality-development,quality-120-30,development,46,0,0,-0.17207627500000489,-2.6667328749999997,-8.17381224999999,-8.332519519211523,0,14,0,-1.0760677199999957
rsi-stock-development,rsi-2-10,development,46,0,0,-2.537208799249985,-8.71638289125003,-11.03379025750002,-11.03379025750002,0,14,0,-4.079578945249995
rsi-stock-development,rsi-2-30,development,46,0,0,-2.625456607500032,-8.314753851250012,-10.718106037499997,-11.180002596156902,1,14,0,-3.2949309012500203
rsi-stock-development,rsi-5-10,development,46,0,0,0.5653598702499929,-2.17818380125,-4.33395741999999,-5.148226183379212,1,14,0,0.16393428124999998
rsi-stock-development,rsi-5-30,development,46,0,0,-2.0671201794999874,-7.571253452999987,-11.661860535000002,-11.661860535000002,1,14,0,-2.0671201794999874
rsi-stock-development,rsi-14-10,development,46,0,0,0,0,0,-0.17721046389729267,0,14,0,0
rsi-stock-development,rsi-14-30,development,46,0,0,-0.02819197374997473,-4.826897643750006,-7.042897412500004,-9.106950398987523,1,14,0,-0.1800269937499821
etf-validation,momentum-120-3,validation,45,13,28.888888888888886,-3.528116178749996,-9.492873966149993,-12.9324919075,-16.092559646889804,7,13,2,-3.3927818
etf-validation,momentum-60-3,validation,45,12,26.666666666666668,-1.070628412250041,-10.13102855099998,-11.697716955499981,-13.978092967506795,14,13,3,-1.77188370100001
etf-validation,momentum-20-3,validation,45,13,28.888888888888886,0.022578837250009087,-9.084994245000026,-11.988628412750035,-12.826479815749048,13,13,3,0.022578837250009087
etf-validation,recovery-60-3,validation,45,4,8.88888888888889,0.29556564674999564,-4.8846488266,-9.130621140749962,-10.31035696315865,13,13,1,-1.3026082380000026
etf-validation,recovery-60-3-monthly,validation,45,3,6.666666666666667,-0.24842017450000808,-3.7714909431499843,-7.582420190250028,-8.323972284199055,6,13,0,-0.4657506742499873
etf-validation,recovery-40-3-monthly,validation,45,4,8.88888888888889,-0.2484201745000192,-3.3329240804000038,-7.3225595584999965,-8.197103811051875,6,13,1,-1.3589061869999863
etf-validation,recovery-80-3-monthly,validation,45,5,11.11111111111111,-0.6418814917500293,-3.8588718764999896,-7.143399622499991,-11.00617495825852,3,13,1,-0.4657506742499873
stock-validation,momentum-20-5-monthly,validation,45,14,31.11111111111111,-3.948878592500016,-11.372505641000002,-14.837675057499988,-17.81523326069514,0,13,5,-3.948878592500016
stock-validation,momentum-20-3-monthly,validation,45,15,33.33333333333333,-3.81814290000001,-12.21533721899999,-13.319489610000002,-16.885082115453574,0,13,3,-3.81814290000001
stock-validation,momentum-60-5-monthly,validation,45,17,37.77777777777778,-3.338820379999996,-11.001975948999997,-13.145696287499998,-14.35163377318851,0,13,5,-6.075860744999995
stock-validation,momentum-20-5,validation,45,14,31.11111111111111,-3.3829038825000213,-10.949209540999984,-12.488103877499967,-14.098444783205732,0,13,3,-7.446670515999976
stock-validation,recovery-60-3-monthly,validation,45,7,15.555555555555555,-0.3583501150000057,-7.375048092999994,-9.62543775,-11.201806486396526,0,13,2,-0.8481326500000108
stock-validation,recovery-40-3-monthly,validation,45,7,15.555555555555555,-0.9602722249999918,-4.912340541000009,-7.0569355924999915,-10.326075523673605,0,13,1,-0.8481326500000108
stock-validation,recovery-80-3-monthly,validation,45,8,17.77777777777778,-0.010366795000005258,-5.845486167000023,-9.69335023250002,-11.284017927098834,0,13,2,-0.40500097499999166
quality-validation,quality-20-15,validation,45,2,4.444444444444445,-1.6643425500000086,-8.186928571899994,-10.331411852500006,-11.680042361613474,0,13,0,-1.5207840250000104
quality-validation,quality-60-0,validation,45,5,11.11111111111111,-2.1041215750000064,-6.771894491999994,-14.668354264999973,-14.763520559894538,0,13,1,-3.1288399980000214
quality-validation,quality-60-15,validation,45,1,2.2222222222222223,-1.3103384124999895,-5.641492826000012,-11.550784427499995,-12.479266142293888,0,13,0,-0.9977234000000057
quality-validation,quality-60-30,validation,45,3,6.666666666666667,-1.6209960749999919,-6.341485230500004,-9.59579696249998,-11.470385424246333,0,13,0,-0.9977234000000057
quality-validation,quality-120-15,validation,45,2,4.444444444444445,-0.3688876500000049,-8.210766072600004,-10.991175124999996,-14.125768775692082,0,13,0,-0.022841775000004283
rsi-stock-validation,rsi-2-30,validation,45,0,0,-3.0753480449999704,-9.229924679700025,-11.268475872000005,-11.9979079630665,0,13,0,-4.774280828499955
rsi-stock-validation,rsi-5-30,validation,45,0,0,-1.9797120300000137,-9.163581513899986,-10.907379125000006,-12.322119914624563,0,13,0,-2.061500641000036
rsi-stock-validation,rsi-14-30,validation,45,0,0,-0.5371523399999911,-5.04106339719999,-10.884131244000006,-11.80456649058742,0,13,0,-0.4264052399999829
etf-confirmation,momentum-120-3,confirmation,30,12,40,-0.30773306012498725,-8.826083276475012,-11.74035805800001,-14.934954765041342,8,9,3,-0.7237527667499744
etf-confirmation,momentum-60-3,confirmation,30,9,30,-3.858937478125007,-8.901044391224994,-9.624084984750002,-14.595520256807038,6,9,2,-4.874365631500011
etf-confirmation,momentum-20-3,confirmation,30,8,26.666666666666668,-0.26251605787500076,-9.85420018792501,-11.328660153500003,-19.30567213692791,5,9,2,0.5272461492499936
etf-confirmation,recovery-60-3,confirmation,30,11,36.666666666666664,0.1631192230000078,-5.687668173250022,-9.440960287749988,-15.302421791017395,6,9,2,-1.2035226980000036
etf-confirmation,recovery-60-3-monthly,confirmation,30,9,30,0.17269481787499652,-4.6366449296250005,-6.034521497750012,-10.358324506900974,4,9,2,0.34538963574999304
etf-confirmation,recovery-40-3-monthly,confirmation,30,8,26.666666666666668,0.4900639136250162,-5.863979529524981,-8.589453737750008,-11.03669503144431,5,9,3,1.2411534670000002
etf-confirmation,recovery-80-3-monthly,confirmation,30,9,30,1.5418410843749841,-4.268065172450005,-5.241734682749999,-10.26345237181191,4,9,3,5.795799507249977
stock-confirmation,momentum-20-5-monthly,confirmation,29,12,41.37931034482759,9.990973072500008,-10.51302591200001,-16.80991423999999,-17.611083439999998,0,9,3,-8.298333475000009
stock-confirmation,momentum-20-3-monthly,confirmation,29,12,41.37931034482759,9.987983574999992,-10.058903075999996,-11.645551185000002,-14.561388248420071,0,9,4,-1.7150896749999922
stock-confirmation,momentum-60-5-monthly,confirmation,29,12,41.37931034482759,8.243342659999996,-11.179492087000007,-16.469173466999997,-18.005991823609445,0,9,3,-4.824407231500006
stock-confirmation,momentum-20-5,confirmation,29,11,37.93103448275862,-4.528742279500008,-10.511337499200007,-14.41249028999999,-16.909709511872006,0,9,2,-8.30663639999999
stock-confirmation,recovery-60-3-monthly,confirmation,29,11,37.93103448275862,7.681203960000005,-1.654835612000002,-11.225252050000012,-11.225252050000012,0,9,2,6.7692977949999955
stock-confirmation,recovery-40-3-monthly,confirmation,29,13,44.827586206896555,9.418945744999995,-3.252990612000008,-9.662918165000011,-10.27970088500001,0,9,2,6.09155805499999
stock-confirmation,recovery-80-3-monthly,confirmation,29,14,48.275862068965516,9.822614625000003,-2.103929090300009,-10.882673522499998,-10.882673522499998,0,9,3,6.432601954999995
quality-confirmation,quality-20-15,confirmation,29,11,37.93103448275862,2.07197144050002,-9.899544202399987,-11.54564643999998,-13.25621526814934,0,9,3,2.07197144050002
quality-confirmation,quality-60-0,confirmation,29,11,37.93103448275862,2.0448680699999944,-10.389450729500005,-14.000349145000012,-14.772738157694555,0,9,3,5.6735319539999995
quality-confirmation,quality-60-15,confirmation,29,10,34.48275862068966,1.803709346999982,-9.499152914000002,-14.000349145000012,-14.654713361525006,0,9,3,3.025092944999974
quality-confirmation,quality-60-30,confirmation,29,10,34.48275862068966,0.47945732500001004,-9.130353473199987,-13.024811979999985,-13.024811979999985,0,9,3,3.025092944999974
quality-confirmation,quality-120-15,confirmation,29,13,44.827586206896555,2.976297349000001,-9.368796373000007,-10.126081903000017,-12.050648425672684,0,9,4,5.2230650365000075
rsi-stock-confirmation,rsi-2-30,confirmation,29,0,0,1.4811975459999571,-4.077888652599975,-8.525427284999997,-9.898118080499973,0,9,0,-0.0037413614999981526
rsi-stock-confirmation,rsi-5-30,confirmation,29,1,3.4482758620689653,3.028245499000004,-1.139184985999957,-6.8711086999999615,-7.715607479999964,1,9,0,3.028245499000004
rsi-stock-confirmation,rsi-14-30,confirmation,29,0,0,1.5452263900000096,-0.6289387175000183,-1.1678979224999941,-4.684138430012796,0,9,0,1.176809099999998
