stage,diagnostic,slippageBps,seed,rebalanceOffsetBars,reused,passes,failureToSuccess,successToFailure,returnImproved,returnWorsened,unchangedResults,extraFills,extraCostsKrw,count,targetHits,targetFrequencyPct,medianPct,p10Pct,worstPct,lossFrequencyPct,worstDrawdownPct,unclosed,nonoverlapping_count,nonoverlapping_targetHits,nonoverlapping_targetFrequencyPct,nonoverlapping_medianPct,nonoverlapping_p10Pct,nonoverlapping_worstPct,nonoverlapping_lossFrequencyPct,nonoverlapping_worstDrawdownPct,nonoverlapping_unclosed
development,development,5,204,0,False,False,1,0,4,4,38,-7,-1355953.7170000002,46,17,36.95652173913043,-0.42200947725001825,-15.14438861774999,-18.925231098500017,52.17391304347826,-20.66732349732692,2,14,6,42.857142857142854,0.10340963899999056,-11.345018409750011,-16.237232430000002,50.0,-16.492886949303642,1
earlier,earlier,5,204,0,False,False,0,0,3,2,19,-15,-1747859.4494999996,24,5,20.833333333333336,-5.919683406249998,-15.661133498800005,-18.4603474225,62.5,-18.713232883864183,1,2,0,0.0,-14.591756292000008,-15.561987142400005,-15.804544855000003,100.0,-16.55836663550001,0
validation,extra25,5,204,0,False,False,0,0,0,1,17,-1,-128008.49750000006,18,9,50.0,10.355184077500002,-15.718977237249998,-18.458496435000004,44.44444444444444,-18.88832901061549,0,2,1,50.0,3.3025215667500047,-8.57474829984998,-11.544065766499978,50.0,-18.756183809984293,0
validation,cost,10,204,0,False,True,0,0,3,0,16,-1,-242214.05550000002,19,18,94.73684210526315,11.921640992499993,10.696832023500008,-14.05504273,5.263157894736842,-16.772257267852297,0,3,2,66.66666666666666,11.638534357499996,-8.916327312500002,-14.05504273,33.33333333333333,-16.772257267852297,0
validation,cost,20,204,0,False,True,0,0,2,1,16,-1,-516097.12399999984,19,18,94.73684210526315,13.601596983000007,10.586673283699998,-14.15954426999999,5.263157894736842,-16.760184119995337,0,3,2,66.66666666666666,11.436407594999976,-9.040353896999996,-14.15954426999999,33.33333333333333,-16.760184119995337,0
confirmation,extra25,5,204,0,False,True,0,0,1,0,12,0,-29978.76000000001,13,9,69.23076923076923,11.822398310000004,-12.964771156,-16.60184175749999,30.76923076923077,-17.737128162499992,0,3,2,66.66666666666666,11.822398310000004,-3.6383379380000136,-7.503522000000018,33.33333333333333,-17.029608662636043,0
confirmation,cost,10,204,0,False,True,0,0,0,1,57,-1,-82822.3350000002,58,39,67.24137931034483,11.98679692500001,-10.985660531450009,-17.211133227499985,31.03448275862069,-22.12028320910854,0,4,3,75.0,11.428317275,-3.8612218277499952,-10.221755897499996,25.0,-21.01019227767733,0
confirmation,cost,20,204,0,False,True,0,0,0,1,57,-1,-106219.15749999997,58,40,68.96551724137932,12.013564568749992,-11.19022133619999,-17.373971924999985,31.03448275862069,-22.12708092448429,0,4,3,75.0,11.052002922499993,-4.103425243499997,-10.460689739999996,25.0,-21.009304141949304,0
validation,execution,5,204,2,False,True,0,0,4,0,15,-2,-571739.2279999999,19,18,94.73684210526315,11.972501135000012,10.385324337000018,-15.277595124999998,5.263157894736842,-17.3692201875,0,3,2,66.66666666666666,11.810733257499994,-9.859929448499999,-15.277595124999998,33.33333333333333,-17.3692201875,0
confirmation,execution,5,204,2,False,True,0,0,0,1,57,-1,-82464.24499999988,58,40,68.96551724137932,12.397323935000005,-13.5382347703,-17.186758227499986,31.03448275862069,-22.114609391012287,0,4,3,75.0,12.707847310000009,-1.8593808836249899,-7.140591963749987,25.0,-21.294599776178615,0
validation,execution,5,204,4,False,True,0,0,4,0,15,-2,-571739.2279999999,19,16,84.21052631578947,13.171763662500013,8.658930857150002,-10.313948955000019,5.263157894736842,-14.695370305878175,0,3,3,100.0,13.171763662500013,12.450094341699995,12.26967701149999,0.0,-9.154479533549875,0
confirmation,execution,5,204,4,False,True,0,0,0,0,58,0,0.0,58,42,72.41379310344827,13.022092667499995,-12.002901723499983,-20.354732480000003,27.586206896551722,-22.114609391012287,0,4,3,75.0,11.399301682500006,-4.636742594749978,-11.352638082499977,25.0,-21.28299707666075,0
validation,execution,5,204,1,False,True,0,0,4,0,15,-2,-571739.2279999999,19,19,100.0,13.426087210000004,11.081818860300006,10.874724730000018,0.0,-14.241300759999987,0,3,3,100.0,17.527434985,15.197932766200006,14.615557211500008,0.0,-14.241300759999987,0
confirmation,execution,5,204,1,False,True,0,0,0,1,57,-1,-82464.24499999988,58,42,72.41379310344827,13.022092667499995,-11.3465816685,-20.354732480000003,27.586206896551722,-22.114609391012287,0,4,3,75.0,13.022333325000002,-2.8392550147499973,-9.444850297499997,25.0,-21.403448206102414,0
validation,execution,5,204,3,False,True,0,0,4,0,15,-2,-571739.2279999999,19,18,94.73684210526315,13.171763662500013,10.385324337000018,9.364621693750008,0.0,-13.939217501398094,0,3,3,100.0,12.267950682000016,11.479621531200003,11.2825392435,0.0,-13.939217501398094,0
confirmation,execution,5,204,3,False,True,0,0,0,0,58,0,0.0,58,42,72.41379310344827,12.421118772500005,-12.002901723499983,-20.354732480000003,27.586206896551722,-22.114609391012287,0,4,3,75.0,10.541806197500016,-0.06620820474999167,-4.448871572499991,25.0,-21.037891469407867,0
validation,execution,5,205,0,False,True,0,0,2,1,16,-1,-352067.8374999999,19,18,94.73684210526315,12.833206298499999,10.94206505419999,-14.109948735,5.263157894736842,-16.788762524751288,0,3,2,66.66666666666666,11.42777422750003,-9.002404142499994,-14.109948735,33.33333333333333,-16.788762524751288,0
confirmation,execution,5,205,0,False,True,0,0,0,2,56,-2,-228360.89250000007,58,41,70.6896551724138,12.368159639999998,-11.180560982150004,-17.186758227499976,29.310344827586203,-22.141872521596937,0,4,3,75.0,11.312068130000007,-3.703745145000001,-10.011953655000006,25.0,-20.967102598366083,0
validation,execution,5,206,0,False,True,0,0,3,0,16,-1,-250746.2934999999,19,18,94.73684210526315,12.512897095000008,10.568975010799994,-14.373433879999997,5.263157894736842,-17.147718264360513,0,3,2,66.66666666666666,11.543651422500002,-9.190016819499997,-14.373433879999997,33.33333333333333,-17.147718264360513,0
confirmation,execution,5,206,0,False,True,0,0,0,1,57,-1,-82327.49249999993,58,40,68.96551724137932,11.90135657625,-11.3465816685,-17.186758227499976,31.03448275862069,-22.113938811761567,0,4,3,75.0,11.312068129999997,-3.827378397749988,-10.188572587499989,25.0,-21.10300264419216,0
validation,primary,5,204,0,True,True,0,0,3,0,16,-1,-250224.1980000001,19,18,94.73684210526315,11.972501135000012,10.741522483500013,-14.05504273,5.263157894736842,-16.772257267852297,0,3,2,66.66666666666666,11.684146132499995,-8.907204957500001,-14.05504273,33.33333333333333,-16.772257267852297,0
confirmation,primary,5,204,0,True,True,0,0,0,1,57,-1,-82464.24499999988,58,40,68.96551724137932,12.079500562500012,-10.961597131450013,-17.186758227499986,31.03448275862069,-22.114609391012287,0,4,3,75.0,11.505945267500007,-3.8171803147499848,-10.174003897499983,25.0,-21.005317080936713,0
